{
  "measurements": {
    "Doing analysis at TEMP": 24.0,
    "outp_val": 1.8,
    "outm_val": 1.735661e-07,
    "tclk": 1.0005e-07,
    "tout_rise": 1.004697e-07,
    "avg_idd": -6.69372e-06,
    "RESULT_OUTP_VAL": 1.8,
    "RESULT_OUTM_VAL": 1.73566e-07,
    "RESULT_TCLK": 1.0005e-07,
    "RESULT_TOUT_RISE": 1.0047e-07,
    "RESULT_AVG_IDD": -6.69372e-06,
    "RESULT_RISE_TIME_DELAY_NS": 1.6419999999999957,
    "RESULT_SENSITIVITY_OK": 1,
    "RESULT_OFFSET_MV": 1.9566175615472394,
    "RESULT_POWER_UW": 12.048696,
    "corner": "tt",
    "temperature": 24,
    "supply_v": 1.8
  },
  "score": 1.0,
  "details": {
    "offset_mv": {
      "measured": 1.9566175615472394,
      "target": "<5",
      "met": "True",
      "score": 1.0,
      "unit": "mV"
    },
    "rise_time_delay_ns": {
      "measured": 1.6419999999999957,
      "target": "<100",
      "met": true,
      "score": 1.0,
      "unit": "ns"
    }
  },
  "parameters": {
    "Win": 70.0,
    "Lin": 1.0,
    "Wlatp": 0.5,
    "Llatp": 0.5,
    "Wlatn": 0.5,
    "Llatn": 0.5,
    "Wtail": 8.0,
    "Ltail": 0.15,
    "Wrst": 2.0
  },
  "pvt": {
    "worst_offset_mv": 0.01220703125,
    "worst_delay_ns": 1.6419999999999957,
    "all_pass": true
  },
  "monte_carlo": {
    "offset_mean_mv": 0.4419383721434433,
    "offset_std_mv": 0.3365953754230658,
    "offset_worst_mv": 1.9566175615472394,
    "delay_mean_ns": 0.42065500000000045,
    "delay_std_ns": 0.007627973190828467,
    "delay_worst_ns": 0.45498087935872855,
    "all_pass": "True"
  }
}